lr,weight_decay,dropout,grad_clip,epochs,val_acc,test_acc
0.0005,0.0001,0.3,1.0,5,0.98953,0.98941
0.0005,0.0001,0.3,2.0,5,0.98976,0.98976
0.0005,0.0001,0.5,1.0,5,0.98475,0.98771
0.0005,0.0001,0.5,2.0,5,0.98384,0.98361
0.0005,0.001,0.3,1.0,5,0.98953,0.98953
0.0005,0.001,0.3,2.0,5,0.9893,0.99158
0.0005,0.001,0.5,1.0,5,0.98555,0.98577
0.0005,0.001,0.5,2.0,5,0.98452,0.98657
0.001,0.0001,0.3,1.0,5,0.98873,0.98634
0.001,0.0001,0.3,2.0,5,0.98953,0.99033
0.001,0.0001,0.5,1.0,5,0.9819,0.98236
0.001,0.0001,0.5,2.0,5,0.98111,0.98293
0.001,0.001,0.3,1.0,5,0.98976,0.98805
0.001,0.001,0.3,2.0,5,0.98896,0.98998
0.001,0.001,0.5,1.0,5,0.98327,0.98532
0.001,0.001,0.5,2.0,5,0.98463,0.98395
